{
    "noiseType": 3,
    "seed": 10,
    "noiseScale": 6.0,
    "frequency": 0.00139999995008111,
    "fractalType": 3,
    "fractalOctaves": 5,
    "fractalGain": 0.4320000112056732,
    "fractalLacunarity": 2.6500000953674318,
    "weightedStrength": 0.0,
    "raisedPower": 10.0
}