{
    "noiseType": 3,
    "seed": 44,
    "noiseScale": 3.0,
    "frequency": 0.0035000001080334188,
    "fractalType": 3,
    "fractalOctaves": 5,
    "fractalGain": 0.4320000112056732,
    "fractalLacunarity": 2.6500000953674318,
    "weightedStrength": 0.0,
    "raisedPower": 5.0,
    "minValue": 0.18000000715255738
}