{
    "noiseType": 3,
    "seed": 10,
    "noiseScale": 8.0,
    "frequency": 0.00139999995008111,
    "fractalType": 3,
    "fractalOctaves": 4,
    "fractalGain": 0.36500000953674319,
    "fractalLacunarity": 2.380000114440918,
    "weightedStrength": 0.3790000081062317,
    "raisedPower": 13.100000381469727
}